{
    "name": "Tyk Test API",
    "api_id": "1",
    "org_id": "default",
    "definition": {
        "location": "header",
        "key": "version"
    },
    "auth": {
        "auth_header_name": "authorization"
    },
    "version_data": {
        "not_versioned": true,
        "versions": {
            "Default": {
                "name": "Default"
            }
        }
    },
    "proxy": {
        "listen_path": "/tyk-api-test/",
        "target_url": "http://httpbin.org",
        "strip_listen_path": true
    }
}